timestamp,source_file,page,raw_data,ai_01,ai_21,ai_91,ai_92,ai_93,ai_94,ai_95,ai_99,other
31.07.2025 19:50:44,00001.eps,,0104664056575019215E:)s'91EE1192y+JJN2eamEIIP3BGh+KA3xFYE9B+M8K6utzdOWOTE5I=,04664056575019215E:)s',,EE11,y+JJN2eamEIIP3BGh+KA3xFYE9B+M8K6utzdOWOTE5I=,,,,,
31.07.2025 19:51:29,00002.eps,,0104664056575019215Z%O&*91EE1192yJHjbVLExumxJRQj3bgEf076FyrRF5AhU65jqY/nvHY=,04664056575019215Z%O&*,,EE11,yJHjbVLExumxJRQj3bgEf076FyrRF5AhU65jqY/nvHY=,,,,,
31.07.2025 19:52:18,00200.eps,,0104664056575019215SIWkV91EE1192UsYKXkeX1PECS9myszoTbuSQb+GuGVdJu/u521Ts6rc=,04664056575019215SIWkV,,EE11,UsYKXkeX1PECS9myszoTbuSQb+GuGVdJu/u521Ts6rc=,,,,,
31.07.2025 19:52:28,Test_dmr.pdf,стр.1, 0104664056575019215E:)s'91EE1192y+JJN2eamEIIP3BGh+KA3xFYE9B+M8K6utzdOWOTE5I=,,,EE11,y+JJN2eamEIIP3BGh+KA3xFYE9B+M8K6utzdOWOTE5I=,,,,, 0:104664056575019215E:)s'
31.07.2025 19:52:28,Test_dmr.pdf,стр.2, 0104664056575019215Z%O&*91EE1192yJHjbVLExumxJRQj3bgEf076FyrRF5AhU65jqY/nvHY=,,,EE11,yJHjbVLExumxJRQj3bgEf076FyrRF5AhU65jqY/nvHY=,,,,, 0:104664056575019215Z%O&*
31.07.2025 19:52:28,Test_dmr.pdf,стр.3, 0104664056575019215KlAOQ91EE11921wt4PaXIO07970F+kbnnsIG3q8JC+T30DxyCDNllocE=,,,EE11,1wt4PaXIO07970F+kbnnsIG3q8JC+T30DxyCDNllocE=,,,,, 0:104664056575019215KlAOQ
31.07.2025 19:52:28,Test_dmr.pdf,стр.4, 0104664056575019215p1E%N91EE1192cmUrGwug5/8sMY60+EGgglrVGPmkad2GHu+ltjs+j4I=,,,EE11,cmUrGwug5/8sMY60+EGgglrVGPmkad2GHu+ltjs+j4I=,,,,, 0:104664056575019215p1E%N
31.07.2025 19:52:28,Test_dmr.pdf,стр.5, 01046640565750192150afLH91EE1192RyXWyRXpHOE91GJvvLoJax3poFTWSt1w3IApIXhQNGA=,,,EE11,RyXWyRXpHOE91GJvvLoJax3poFTWSt1w3IApIXhQNGA=,,,,, 0:1046640565750192150afLH
31.07.2025 19:52:28,Test_dmr.pdf,стр.6, 0104664056575019215VIX9T91EE1192RMPjnIlK+4HbNePXCBVu6K1u2aZS8BaA5f1P69M0B0o=,,,EE11,RMPjnIlK+4HbNePXCBVu6K1u2aZS8BaA5f1P69M0B0o=,,,,, 0:104664056575019215VIX9T
31.07.2025 19:52:28,Test_dmr.pdf,стр.7, 0104664056575019215gM1M'91EE1192iQoSGiFr+Buh0uU4mg5hQl2OjVgtLmPQfuMKbLuisZQ=,,,EE11,iQoSGiFr+Buh0uU4mg5hQl2OjVgtLmPQfuMKbLuisZQ=,,,,, 0:104664056575019215gM1M'
31.07.2025 19:52:28,Test_dmr.pdf,стр.8, 0104664056575019215kr(sI91EE1192twQv7fBqxJqP2T1XIqEYSY2EtVHzJaJ+Zc93XAosh5w=,,,EE11,twQv7fBqxJqP2T1XIqEYSY2EtVHzJaJ+Zc93XAosh5w=,,,,, 0:104664056575019215kr(sI
31.07.2025 19:52:28,Test_dmr.pdf,стр.9, 010466405657501921504KwH91EE1192fO3+blwcX/4If6LDXkR+JgJ0+eOcqyjKMg9jnYU1WlE=,,,EE11,fO3+blwcX/4If6LDXkR+JgJ0+eOcqyjKMg9jnYU1WlE=,,,,, 0:10466405657501921504KwH
31.07.2025 19:52:28,Test_dmr.pdf,стр.10," 0104664056575019215,tHA291EE1192AP0YcWJoC53GbPwKoGdA/Ya6wknV+yXDpwaS5v6DXGg=",,,EE11,AP0YcWJoC53GbPwKoGdA/Ya6wknV+yXDpwaS5v6DXGg=,,,,," 0:104664056575019215,tHA2"
31.07.2025 19:52:28,Test_dmr.pdf,стр.11, 0104664056575019215V&CoF91EE1192MjOPjhP86NU5aIkvQRItOPMjeafmzrxipQ368yMTeYg=,,,EE11,MjOPjhP86NU5aIkvQRItOPMjeafmzrxipQ368yMTeYg=,,,,, 0:104664056575019215V&CoF
31.07.2025 19:52:28,Test_dmr.pdf,стр.12, 0104664056575019215RYBXN91EE1192jajrhAVT1jwq0n6bUZBu4lbvi/mveFcXT652cgsn51w=,,,EE11,jajrhAVT1jwq0n6bUZBu4lbvi/mveFcXT652cgsn51w=,,,,, 0:104664056575019215RYBXN
31.07.2025 19:52:28,Test_dmr.pdf,стр.13, 0104664056575019215xbiEc91EE1192qTJvSUGNzB3eoMwd7QTWCUj0kUFg0u5IkuEew07vVB0=,,,EE11,qTJvSUGNzB3eoMwd7QTWCUj0kUFg0u5IkuEew07vVB0=,,,,, 0:104664056575019215xbiEc
31.07.2025 19:52:28,Test_dmr.pdf,стр.14, 0104664056575019215qTcTr91EE11928XAU5P7y1IY3y/kS0okt9zaPk3LOQFzFTNO+dOrLAr8=,,,EE11,8XAU5P7y1IY3y/kS0okt9zaPk3LOQFzFTNO+dOrLAr8=,,,,, 0:104664056575019215qTcTr
31.07.2025 19:52:28,Test_dmr.pdf,стр.15, 0104664056575019215qyPyL91EE119264Z7mMTjJvCK4HNRzhVHZiZdECGJdIpUrVXG/ZbA+/w=,,,EE11,64Z7mMTjJvCK4HNRzhVHZiZdECGJdIpUrVXG/ZbA+/w=,,,,, 0:104664056575019215qyPyL
31.07.2025 19:52:28,Test_dmr.pdf,стр.16, 0104664056575019215bd(Sa91EE1192OrO/0faf76WF7N/YuAf9toDokRhkoCfVqtHltLgMsng=,,,EE11,OrO/0faf76WF7N/YuAf9toDokRhkoCfVqtHltLgMsng=,,,,, 0:104664056575019215bd(Sa
31.07.2025 19:52:28,Test_dmr.pdf,стр.17," 0104664056575019215-g""5i91EE11922hrWtwZdczhvv1TT97UU9hhP8ck/jTT9zRJKb/fbABQ=",,,EE11,2hrWtwZdczhvv1TT97UU9hhP8ck/jTT9zRJKb/fbABQ=,,,,," 0:104664056575019215-g""5i"
31.07.2025 19:52:28,Test_dmr.pdf,стр.18, 0104664056575019215=Pfbq91EE1192eP2lEFDD0H03bq1HEzaljQrh6QOSvgrNxzUQN4l0EuY=,,,EE11,eP2lEFDD0H03bq1HEzaljQrh6QOSvgrNxzUQN4l0EuY=,,,,, 0:104664056575019215=Pfbq
31.07.2025 19:52:28,Test_dmr.pdf,стр.19, 0104664056575019215HjhPl91EE1192aahvCMIUD3a2D+mhMp3nX2qbGzhLuoe1HQGbdlfDYo0=,,,EE11,aahvCMIUD3a2D+mhMp3nX2qbGzhLuoe1HQGbdlfDYo0=,,,,, 0:104664056575019215HjhPl
31.07.2025 19:52:28,Test_dmr.pdf,стр.20, 0104664056575019215T0(HN91EE1192kTiQYMWkyeLxXPMltLGcthdUzrB2ChdAq+DvoswwrOE=,,,EE11,kTiQYMWkyeLxXPMltLGcthdUzrB2ChdAq+DvoswwrOE=,,,,, 0:104664056575019215T0(HN
31.07.2025 19:52:28,Test_dmr.pdf,стр.21, 0104664056575019215ql.dQ91EE1192QUlKVhQAJnZDnEyzfZFs1xhYY359yDF9kitjJJi299M=,,,EE11,QUlKVhQAJnZDnEyzfZFs1xhYY359yDF9kitjJJi299M=,,,,, 0:104664056575019215ql.dQ
31.07.2025 19:52:28,Test_dmr.pdf,стр.22, 0104664056575019215FFJBG91EE1192CKzmVviR4c2kzLqy7nDDGLvgjuqB+aVBpBeybKRBaoI=,,,EE11,CKzmVviR4c2kzLqy7nDDGLvgjuqB+aVBpBeybKRBaoI=,,,,, 0:104664056575019215FFJBG
31.07.2025 19:52:28,Test_dmr.pdf,стр.23, 0104664056575019215*UANC91EE11924NZxY4IBRdSzFKuFeTzXLFa0pWZzMSdhwMZsFy2mV3Y=,,,EE11,4NZxY4IBRdSzFKuFeTzXLFa0pWZzMSdhwMZsFy2mV3Y=,,,,, 0:104664056575019215*UANC
31.07.2025 19:52:28,Test_dmr.pdf,стр.24, 0104664056575019215hOGO/91EE1192taBkJisBAeZJ2aHNvg6YmXQT8Dy9HrtSgt4fpltY0h4=,,,EE11,taBkJisBAeZJ2aHNvg6YmXQT8Dy9HrtSgt4fpltY0h4=,,,,, 0:104664056575019215hOGO/
31.07.2025 19:52:28,Test_dmr.pdf,стр.25, 0104664056575019215Q&v-u91EE1192zBFHj5qUtjKO6iN6Z70g+jOuEC3gYnZJ1yVq4Jak4Tk=,,,EE11,zBFHj5qUtjKO6iN6Z70g+jOuEC3gYnZJ1yVq4Jak4Tk=,,,,, 0:104664056575019215Q&v-u
31.07.2025 19:52:28,Test_dmr.pdf,стр.26, 0104664056575019215><BtE91EE1192rV7LEg16VkBOEuucH1kjH4TScSDPtIO/8Mc2YNwZqlg=,,,EE11,rV7LEg16VkBOEuucH1kjH4TScSDPtIO/8Mc2YNwZqlg=,,,,, 0:104664056575019215><BtE
31.07.2025 19:52:28,Test_dmr.pdf,стр.27, 0104664056575019215xbAjh91EE1192c+rzrOce/8za3JPo2LXLtmXSme9TrG1//hubSpV/rJo=,,,EE11,c+rzrOce/8za3JPo2LXLtmXSme9TrG1//hubSpV/rJo=,,,,, 0:104664056575019215xbAjh
31.07.2025 19:52:28,Test_dmr.pdf,стр.28, 0104664056575019215jMQxi91EE1192FpJsIpPUbKFv2cJsU/fT54zW1x5895uUe3wItzfwCcY=,,,EE11,FpJsIpPUbKFv2cJsU/fT54zW1x5895uUe3wItzfwCcY=,,,,, 0:104664056575019215jMQxi
31.07.2025 19:52:28,Test_dmr.pdf,стр.29, 0104664056575019215pgnjP91EE1192EeZPgMO2QqZiMzvUIUOY/yMOrE2Jk7Tfun9sPMNenKY=,,,EE11,EeZPgMO2QqZiMzvUIUOY/yMOrE2Jk7Tfun9sPMNenKY=,,,,, 0:104664056575019215pgnjP
31.07.2025 19:52:28,Test_dmr.pdf,стр.30, 0104664056575019215Cgtd<91EE11920KXj5/8MyqiC52QmjZQ+gRLlQ4YY+yUXsDexb0T5Pig=,,,EE11,0KXj5/8MyqiC52QmjZQ+gRLlQ4YY+yUXsDexb0T5Pig=,,,,, 0:104664056575019215Cgtd<
31.07.2025 19:52:28,Test_dmr.pdf,стр.31," 0104664056575019215cmI,/91EE1192jhKFJ3Yz0B8bQk8xrGFO5OWVsaFUn5S3jVITiiT+KYk=",,,EE11,jhKFJ3Yz0B8bQk8xrGFO5OWVsaFUn5S3jVITiiT+KYk=,,,,," 0:104664056575019215cmI,/"
31.07.2025 19:52:28,Test_dmr.pdf,стр.32, 0104664056575019215Zc4nm91EE1192NJ77yqnos3+mZoTMzyP9PB8pPqazeIYeVQ2w0/MMo3s=,,,EE11,NJ77yqnos3+mZoTMzyP9PB8pPqazeIYeVQ2w0/MMo3s=,,,,, 0:104664056575019215Zc4nm
31.07.2025 19:52:28,Test_dmr.pdf,стр.33, 0104664056575019215jHWdm91EE1192f48h1yP1cLhZQe9GO3TkTE7xs6KLfkWeeoufeH1yGqc=,,,EE11,f48h1yP1cLhZQe9GO3TkTE7xs6KLfkWeeoufeH1yGqc=,,,,, 0:104664056575019215jHWdm
31.07.2025 19:52:28,Test_dmr.pdf,стр.34, 0104664056575019215jnkco91EE1192VPvrj4Wd4V5b3mth1tYDO92c2YmnshxG9FyuXdw5iIk=,,,EE11,VPvrj4Wd4V5b3mth1tYDO92c2YmnshxG9FyuXdw5iIk=,,,,, 0:104664056575019215jnkco
31.07.2025 19:52:28,Test_dmr.pdf,стр.35, 0104664056575019215)KIOi91EE1192GvDe4mi+u/0WDIq/HL2xF+BBsy0cAgvS+UVMDHrvqxI=,,,EE11,GvDe4mi+u/0WDIq/HL2xF+BBsy0cAgvS+UVMDHrvqxI=,,,,, 0:104664056575019215)KIOi
31.07.2025 19:52:28,Test_dmr.pdf,стр.36, 0104664056575019215>S1Kj91EE1192n6WJJPGpq0JJ24wfSLhyyKQGNk25XkXJv31T9i6DY/g=,,,EE11,n6WJJPGpq0JJ24wfSLhyyKQGNk25XkXJv31T9i6DY/g=,,,,, 0:104664056575019215>S1Kj
31.07.2025 19:52:28,Test_dmr.pdf,стр.37, 0104664056575019215dOZTZ91EE1192Eo9kLVLm5GCe+TOPE1PPDXgtyByFATIFNAzzXHrakHc=,,,EE11,Eo9kLVLm5GCe+TOPE1PPDXgtyByFATIFNAzzXHrakHc=,,,,, 0:104664056575019215dOZTZ
31.07.2025 19:52:28,Test_dmr.pdf,стр.38, 0104664056575019215**pLo91EE1192LoqXcuPwurEQFZdCUPpwn5iXwqiTOIH4vsQcTulmdr0=,,,EE11,LoqXcuPwurEQFZdCUPpwn5iXwqiTOIH4vsQcTulmdr0=,,,,, 0:104664056575019215**pLo
31.07.2025 19:52:28,Test_dmr.pdf,стр.39, 0104664056575019215MI7hP91EE1192rBbN6L3fdf1qVBzGyr5P0FMuZkIKkUpkvJab7tOZZ6Q=,,,EE11,rBbN6L3fdf1qVBzGyr5P0FMuZkIKkUpkvJab7tOZZ6Q=,,,,, 0:104664056575019215MI7hP
31.07.2025 19:52:28,Test_dmr.pdf,стр.40, 0104664056575019215G4aHI91EE1192F9lgpH3K3mpV9OAOtoNcOMs4oq+gd/SGLJ0jLMUpY04=,,,EE11,F9lgpH3K3mpV9OAOtoNcOMs4oq+gd/SGLJ0jLMUpY04=,,,,, 0:104664056575019215G4aHI
31.07.2025 19:52:28,Test_dmr.pdf,стр.41, 0104664056575019215k*t-i91EE1192ihn9dH0Afe+HBBVl3LdRdJMDOC9b5NQgJfLew7pf1Fc=,,,EE11,ihn9dH0Afe+HBBVl3LdRdJMDOC9b5NQgJfLew7pf1Fc=,,,,, 0:104664056575019215k*t-i
31.07.2025 19:52:28,Test_dmr.pdf,стр.42, 0104664056575019215D6iCj91EE1192Gk3hR2K4A//KTFEZwJm92dcoezm/YFMHYHJF1YtIszI=,,,EE11,Gk3hR2K4A//KTFEZwJm92dcoezm/YFMHYHJF1YtIszI=,,,,, 0:104664056575019215D6iCj
31.07.2025 19:52:28,Test_dmr.pdf,стр.43, 0104664056575019215cbLnP91EE1192pI7h120OOu641TktSJsWLpHJokqEoIVW8yi/Ug7XhTY=,,,EE11,pI7h120OOu641TktSJsWLpHJokqEoIVW8yi/Ug7XhTY=,,,,, 0:104664056575019215cbLnP
31.07.2025 19:52:28,Test_dmr.pdf,стр.44, 0104664056575019215qTPm691EE1192r3ewRqnmAsT3Jo3/yWQA9CiuBA1IAfTxuhBA+1ik+Ps=,,,EE11,r3ewRqnmAsT3Jo3/yWQA9CiuBA1IAfTxuhBA+1ik+Ps=,,,,, 0:104664056575019215qTPm6
31.07.2025 19:52:28,Test_dmr.pdf,стр.45, 0104664056575019215+RU+T91EE1192XrYRhbvZ3Uz6E7kvwxTBHwHnkcREv/fWueBynZ5BEOk=,,,EE11,XrYRhbvZ3Uz6E7kvwxTBHwHnkcREv/fWueBynZ5BEOk=,,,,, 0:104664056575019215+RU+T
31.07.2025 19:52:28,Test_dmr.pdf,стр.46, 0104664056575019215AFdZP91EE1192TuGIhsDqdIWxlxquIg98js/f+Z3TIXHg/Eo4jJYlMOo=,,,EE11,TuGIhsDqdIWxlxquIg98js/f+Z3TIXHg/Eo4jJYlMOo=,,,,, 0:104664056575019215AFdZP
31.07.2025 19:52:28,Test_dmr.pdf,стр.47, 0104664056575019215>1.4P91EE1192aZlYU2KW9MQB6APXqb6jiEaQMdUo0OcSzz2uxPy7pOs=,,,EE11,aZlYU2KW9MQB6APXqb6jiEaQMdUo0OcSzz2uxPy7pOs=,,,,, 0:104664056575019215>1.4P
31.07.2025 19:52:28,Test_dmr.pdf,стр.48, 0104664056575019215/n*h991EE1192Rhtf9yz2HgciHwQEqBv+KUBs3Pp9d7ZZpnAEG8qHb28=,,,EE11,Rhtf9yz2HgciHwQEqBv+KUBs3Pp9d7ZZpnAEG8qHb28=,,,,, 0:104664056575019215/n*h9
31.07.2025 19:52:28,Test_dmr.pdf,стр.49, 0104664056575019215gPEDe91EE11925FYI00c0Tm5M8wwCH29GdexrSZHYlMnKSdwvd4z6a6c=,,,EE11,5FYI00c0Tm5M8wwCH29GdexrSZHYlMnKSdwvd4z6a6c=,,,,, 0:104664056575019215gPEDe
31.07.2025 19:52:28,Test_dmr.pdf,стр.50, 0104664056575019215&cqT591EE1192fyjsZX7sggV3UHkSBozFZKig5prjScykwMt6k1kIG3E=,,,EE11,fyjsZX7sggV3UHkSBozFZKig5prjScykwMt6k1kIG3E=,,,,, 0:104664056575019215&cqT5
31.07.2025 19:52:28,Test_dmr.pdf,стр.51, 0104664056575019215sthIC91EE1192H23aw3xYjVTChEwY+gDij8b+mkdNtAycaqCkYO4pe78=,,,EE11,H23aw3xYjVTChEwY+gDij8b+mkdNtAycaqCkYO4pe78=,,,,, 0:104664056575019215sthIC
31.07.2025 19:52:28,Test_dmr.pdf,стр.52, 0104664056575019215O+pYG91EE1192dFlvJxbysRwlNySzo5HVa2LU2iLD2nZjquGpzpbWBzo=,,,EE11,dFlvJxbysRwlNySzo5HVa2LU2iLD2nZjquGpzpbWBzo=,,,,, 0:104664056575019215O+pYG
31.07.2025 19:52:28,Test_dmr.pdf,стр.53, 0104664056575019215zV_DS91EE1192XyTXkxyb5F9JsCJu651ldHK+9/z8pMssVqpgiUyi2Ec=,,,EE11,XyTXkxyb5F9JsCJu651ldHK+9/z8pMssVqpgiUyi2Ec=,,,,, 0:104664056575019215zV_DS
31.07.2025 19:52:28,Test_dmr.pdf,стр.54, 0104664056575019215fc2fq91EE1192wqNz7fyaDQjc2CO5YFVyMVOXSvV8/uAohlxOpoqf95k=,,,EE11,wqNz7fyaDQjc2CO5YFVyMVOXSvV8/uAohlxOpoqf95k=,,,,, 0:104664056575019215fc2fq
31.07.2025 19:52:28,Test_dmr.pdf,стр.55, 01046640565750192153ou2T91EE1192P+SnriA+qLKf2T+3EI4TzLOXtbuc/MZ16F0QSDbKZVQ=,,,EE11,P+SnriA+qLKf2T+3EI4TzLOXtbuc/MZ16F0QSDbKZVQ=,,,,, 0:1046640565750192153ou2T
31.07.2025 19:52:28,Test_dmr.pdf,стр.56, 0104664056575019215hmMqh91EE1192O5V8HkrU3ct+1Uj5hE5Ey208e8PcOnztIbKGFLz9Cfg=,,,EE11,O5V8HkrU3ct+1Uj5hE5Ey208e8PcOnztIbKGFLz9Cfg=,,,,, 0:104664056575019215hmMqh
31.07.2025 19:52:28,Test_dmr.pdf,стр.57, 0104664056575019215onnpD91EE11924QHLkL7CvB29vnHTkbY/IHa/LDdmnNgwzRpkxvB2T3M=,,,EE11,4QHLkL7CvB29vnHTkbY/IHa/LDdmnNgwzRpkxvB2T3M=,,,,, 0:104664056575019215onnpD
31.07.2025 19:52:28,Test_dmr.pdf,стр.58, 0104664056575019215bBHTI91EE11923A+d96Y99GWTLSjaILFw1fmaq35Mv8GGlv7F/IGbkcc=,,,EE11,3A+d96Y99GWTLSjaILFw1fmaq35Mv8GGlv7F/IGbkcc=,,,,, 0:104664056575019215bBHTI
31.07.2025 19:52:28,Test_dmr.pdf,стр.59, 0104664056575019215iJfN891EE1192cy+dVJaFpFWxUthnJRZPnBdffyxWnV/nDaQoZRWQDlk=,,,EE11,cy+dVJaFpFWxUthnJRZPnBdffyxWnV/nDaQoZRWQDlk=,,,,, 0:104664056575019215iJfN8
31.07.2025 19:52:28,Test_dmr.pdf,стр.60, 0104664056575019215rSkku91EE1192VAnpXmK9USe4KhGZJ587mKofmwnpSdAkSwiSDvWcKrg=,,,EE11,VAnpXmK9USe4KhGZJ587mKofmwnpSdAkSwiSDvWcKrg=,,,,, 0:104664056575019215rSkku
31.07.2025 19:52:28,Test_dmr.pdf,стр.61, 0104664056575019215L&iAT91EE1192Ujgzbm9o9EW9P109OSUOvttRSTTivWMyzXL+/IE9n1I=,,,EE11,Ujgzbm9o9EW9P109OSUOvttRSTTivWMyzXL+/IE9n1I=,,,,, 0:104664056575019215L&iAT
31.07.2025 19:52:28,Test_dmr.pdf,стр.62," 0104664056575019215"":/Ol91EE1192eTwGPksu0anFHSVZJTGJHy2BTzLg1OSp4CPrgqGmBD4=",,,EE11,eTwGPksu0anFHSVZJTGJHy2BTzLg1OSp4CPrgqGmBD4=,,,,," 0:104664056575019215"":/Ol"
31.07.2025 19:52:28,Test_dmr.pdf,стр.63, 01046640565750192153&NBE91EE11920qfM6xyKbA8xtnNwOMHFsn7JAwW6ojUZKEcfOAjTiHk=,,,EE11,0qfM6xyKbA8xtnNwOMHFsn7JAwW6ojUZKEcfOAjTiHk=,,,,, 0:1046640565750192153&NBE
31.07.2025 19:52:28,Test_dmr.pdf,стр.64, 0104664056575019215ym+jm91EE1192c0j0zlUJpgjddJXeiZ/qwj1iEchwhbe/tFHSXTxFSRA=,,,EE11,c0j0zlUJpgjddJXeiZ/qwj1iEchwhbe/tFHSXTxFSRA=,,,,, 0:104664056575019215ym+jm
31.07.2025 19:52:28,Test_dmr.pdf,стр.65, 0104664056575019215Ww%qk91EE1192b/4/Vfz7Zhc0csOL5Ch/LZ602vWeb51IzYfX6dv88a8=,,,EE11,b/4/Vfz7Zhc0csOL5Ch/LZ602vWeb51IzYfX6dv88a8=,,,,, 0:104664056575019215Ww%qk
31.07.2025 19:52:28,Test_dmr.pdf,стр.66, 0104664056575019215Q!W8b91EE1192+sUPqTeTQIhv1diwFZdr9/UGYhGfrEjDJcs/SVm8F70=,,,EE11,+sUPqTeTQIhv1diwFZdr9/UGYhGfrEjDJcs/SVm8F70=,,,,, 0:104664056575019215Q!W8b
31.07.2025 19:52:28,Test_dmr.pdf,стр.67, 0104664056575019215_mQ8o91EE1192mEihYK9yWffyZ6U4N0sp62aI+z7X6EjtSb/OoBUmJg0=,,,EE11,mEihYK9yWffyZ6U4N0sp62aI+z7X6EjtSb/OoBUmJg0=,,,,, 0:104664056575019215_mQ8o
31.07.2025 19:52:28,Test_dmr.pdf,стр.68," 0104664056575019215Zj""._91EE1192twAhsH2Ks7yVlFhccCThHmgY3Mtf7TeF3CCR0L5x0kc=",,,EE11,twAhsH2Ks7yVlFhccCThHmgY3Mtf7TeF3CCR0L5x0kc=,,,,," 0:104664056575019215Zj""._"
31.07.2025 19:52:28,Test_dmr.pdf,стр.69, 0104664056575019215;WCcd91EE1192BRoq/ICFlaVOkNJ+2PtJPWLN+fl9cvN1m92aUTlZZ/c=,,,EE11,BRoq/ICFlaVOkNJ+2PtJPWLN+fl9cvN1m92aUTlZZ/c=,,,,, 0:104664056575019215;WCcd
31.07.2025 19:52:28,Test_dmr.pdf,стр.70, 0104664056575019215g9DEl91EE1192TbvNqfY97IRRq4yQ3Ok0B3bvOtEE0SIsl7yhQ+GNojU=,,,EE11,TbvNqfY97IRRq4yQ3Ok0B3bvOtEE0SIsl7yhQ+GNojU=,,,,, 0:104664056575019215g9DEl
31.07.2025 19:52:28,Test_dmr.pdf,стр.71, 0104664056575019215MN:jY91EE1192VwXVO+BcHzjZYAgfkwijUVhKu30dp8yLgdjnOvdj1gw=,,,EE11,VwXVO+BcHzjZYAgfkwijUVhKu30dp8yLgdjnOvdj1gw=,,,,, 0:104664056575019215MN:jY
31.07.2025 19:52:28,Test_dmr.pdf,стр.72, 0104664056575019215OER/O91EE1192vWiTnrWnXj6YUhip0Y7YcyDeyMLiRASWdVTF9UypNlw=,,,EE11,vWiTnrWnXj6YUhip0Y7YcyDeyMLiRASWdVTF9UypNlw=,,,,, 0:104664056575019215OER/O
31.07.2025 19:52:28,Test_dmr.pdf,стр.73, 0104664056575019215w1XYh91EE1192bcPuzfS+9gzkKjwhxJ/P6KvFiycuc3SxOIR8OJBBwxQ=,,,EE11,bcPuzfS+9gzkKjwhxJ/P6KvFiycuc3SxOIR8OJBBwxQ=,,,,, 0:104664056575019215w1XYh
31.07.2025 19:52:28,Test_dmr.pdf,стр.74, 0104664056575019215q>eYo91EE11926+5QVpi1kVY6OIh781Z5MFjq0+h7cMU1IJqQxemhXlQ=,,,EE11,6+5QVpi1kVY6OIh781Z5MFjq0+h7cMU1IJqQxemhXlQ=,,,,, 0:104664056575019215q>eYo
31.07.2025 19:52:28,Test_dmr.pdf,стр.75, 0104664056575019215kjTDt91EE1192Ixpot5C+eWrH+WvHsEHpihvPiaJsHg4wWuPSQxOnDww=,,,EE11,Ixpot5C+eWrH+WvHsEHpihvPiaJsHg4wWuPSQxOnDww=,,,,, 0:104664056575019215kjTDt
31.07.2025 19:52:28,Test_dmr.pdf,стр.76, 0104664056575019215Wtn>e91EE1192jv8dDr2SE85phvd0aSUeOFsb9Fee8wLlp84tRChDu4Q=,,,EE11,jv8dDr2SE85phvd0aSUeOFsb9Fee8wLlp84tRChDu4Q=,,,,, 0:104664056575019215Wtn>e
31.07.2025 19:52:28,Test_dmr.pdf,стр.77, 0104664056575019215)Mo(K91EE1192ypNbohzSZjlgzKXra9mJB5wkR58asaK7blfc0P9Y/f8=,,,EE11,ypNbohzSZjlgzKXra9mJB5wkR58asaK7blfc0P9Y/f8=,,,,, 0:104664056575019215)Mo(K
31.07.2025 19:52:28,Test_dmr.pdf,стр.78, 0104664056575019215i_7rj91EE1192+mpGTyyms4Wd+a6fugBwPYjdryUsHeLlA7roTVB5Xug=,,,EE11,+mpGTyyms4Wd+a6fugBwPYjdryUsHeLlA7roTVB5Xug=,,,,, 0:104664056575019215i_7rj
31.07.2025 19:52:28,Test_dmr.pdf,стр.79, 0104664056575019215(nGO)91EE1192mRVIBnQ/WXIAA61imrOXkB2gy3r+WndIXOXzKbOgBNc=,,,EE11,mRVIBnQ/WXIAA61imrOXkB2gy3r+WndIXOXzKbOgBNc=,,,,, 0:104664056575019215(nGO)
31.07.2025 19:52:28,Test_dmr.pdf,стр.80, 0104664056575019215BRhsW91EE1192wOMM2glSdkq1yuzW/xvjrwpSCBrr7QEge+5ziG3cl/M=,,,EE11,wOMM2glSdkq1yuzW/xvjrwpSCBrr7QEge+5ziG3cl/M=,,,,, 0:104664056575019215BRhsW
31.07.2025 19:52:28,Test_dmr.pdf,стр.81, 0104664056575019215/6CfP91EE1192KcXvJD4ZT9A/k4Kuq6Q7JvSjt/qj+JhpUZNzRM6lymM=,,,EE11,KcXvJD4ZT9A/k4Kuq6Q7JvSjt/qj+JhpUZNzRM6lymM=,,,,, 0:104664056575019215/6CfP
31.07.2025 19:52:28,Test_dmr.pdf,стр.82, 0104664056575019215BXciU91EE1192BKrrnpEdnBhNc4NLaF9eGs9faRiLoCIRRuPrcj2VBU4=,,,EE11,BKrrnpEdnBhNc4NLaF9eGs9faRiLoCIRRuPrcj2VBU4=,,,,, 0:104664056575019215BXciU
31.07.2025 19:52:28,Test_dmr.pdf,стр.83, 0104664056575019215XEmPc91EE1192oD31Y2rCb7rTl5Rs5zsnJEVnQltohf+XeCMZSKk0xv4=,,,EE11,oD31Y2rCb7rTl5Rs5zsnJEVnQltohf+XeCMZSKk0xv4=,,,,, 0:104664056575019215XEmPc
31.07.2025 19:52:28,Test_dmr.pdf,стр.84, 0104664056575019215dLdYm91EE1192r0dsndi5I7SwHlGORJJsaJP0h2cf0l+RTZ2Ov4iQXnY=,,,EE11,r0dsndi5I7SwHlGORJJsaJP0h2cf0l+RTZ2Ov4iQXnY=,,,,, 0:104664056575019215dLdYm
31.07.2025 19:52:28,Test_dmr.pdf,стр.85, 0104664056575019215pUj=-91EE1192mHzicNub+9qCJyp10LeBJ6RCh7/mNg/bMlKB9Zzmkgg=,,,EE11,mHzicNub+9qCJyp10LeBJ6RCh7/mNg/bMlKB9Zzmkgg=,,,,, 0:104664056575019215pUj=-
31.07.2025 19:52:28,Test_dmr.pdf,стр.86, 0104664056575019215g;WXP91EE11920FY+yHA5PCnQEKIK7c9En7OVrEko+K/uUMVhMTALwGg=,,,EE11,0FY+yHA5PCnQEKIK7c9En7OVrEko+K/uUMVhMTALwGg=,,,,, 0:104664056575019215g;WXP
31.07.2025 19:52:28,Test_dmr.pdf,стр.87, 01046640565750192156yRQo91EE1192WEDZlIsMUP9AuROSweL6LyNICLDLjC0F5tbr8Srzfss=,,,EE11,WEDZlIsMUP9AuROSweL6LyNICLDLjC0F5tbr8Srzfss=,,,,, 0:1046640565750192156yRQo
31.07.2025 19:52:28,Test_dmr.pdf,стр.88, 0104664056575019215c_=sx91EE11924dUnX9MHn7Vh1TDBpoBXXR+xpwU5Dg/AJ9YC5BYibrM=,,,EE11,4dUnX9MHn7Vh1TDBpoBXXR+xpwU5Dg/AJ9YC5BYibrM=,,,,, 0:104664056575019215c_=sx
31.07.2025 19:52:28,Test_dmr.pdf,стр.89," 0104664056575019215%,!kj91EE1192Vg/I+Uk1emDPggY6vcLU5wFaPYjJAStjFuGNLN3Sbdo=",,,EE11,Vg/I+Uk1emDPggY6vcLU5wFaPYjJAStjFuGNLN3Sbdo=,,,,," 0:104664056575019215%,!kj"
31.07.2025 19:52:28,Test_dmr.pdf,стр.90, 0104664056575019215<%QpA91EE1192cX7mdBSyszihU7dV3AXTxH5X7f5Yg7rWLOfGo7OfyVQ=,,,EE11,cX7mdBSyszihU7dV3AXTxH5X7f5Yg7rWLOfGo7OfyVQ=,,,,, 0:104664056575019215<%QpA
31.07.2025 19:52:28,Test_dmr.pdf,стр.91, 0104664056575019215MjOeb91EE1192WDFPt1KbfpZriRunOJbQ8/WZ0U+ZyYkMMZ6eGrvzs4Y=,,,EE11,WDFPt1KbfpZriRunOJbQ8/WZ0U+ZyYkMMZ6eGrvzs4Y=,,,,, 0:104664056575019215MjOeb
31.07.2025 19:52:28,Test_dmr.pdf,стр.92, 0104664056575019215fsbAb91EE1192+P99HEjbTtyJfXMZChJmpbHGymQcCPozO7Jr7E1//L4=,,,EE11,+P99HEjbTtyJfXMZChJmpbHGymQcCPozO7Jr7E1//L4=,,,,, 0:104664056575019215fsbAb
31.07.2025 19:52:28,Test_dmr.pdf,стр.93," 0104664056575019215Pf&*""91EE1192LyNW1mjp7iywtc52p8donmElqF6HB33TWELmQwpM4zI=",,,EE11,LyNW1mjp7iywtc52p8donmElqF6HB33TWELmQwpM4zI=,,,,," 0:104664056575019215Pf&*"""
31.07.2025 19:52:28,Test_dmr.pdf,стр.94, 0104664056575019215GpSXT91EE11922xq1YJI5xCQDatwfTvoJ/HLzj0iZTak1TCO4SlmXcgQ=,,,EE11,2xq1YJI5xCQDatwfTvoJ/HLzj0iZTak1TCO4SlmXcgQ=,,,,, 0:104664056575019215GpSXT
31.07.2025 19:52:28,Test_dmr.pdf,стр.95, 0104664056575019215*Nu=s91EE1192agBwzKu9y3m84taYIxjKgp2xKroBQQ3qziFWxFAuYtM=,,,EE11,agBwzKu9y3m84taYIxjKgp2xKroBQQ3qziFWxFAuYtM=,,,,, 0:104664056575019215*Nu=s
31.07.2025 19:52:28,Test_dmr.pdf,стр.96, 0104664056575019215h.XDg91EE1192IetQ2qC8mUbt9fcnOD6Wp1LoS6XT6nCI9FoLYcCt0Mw=,,,EE11,IetQ2qC8mUbt9fcnOD6Wp1LoS6XT6nCI9FoLYcCt0Mw=,,,,, 0:104664056575019215h.XDg
31.07.2025 19:52:28,Test_dmr.pdf,стр.97, 0104664056575019215sVU2g91EE1192b8cGZYdN0JiU4K1MEDxJfMts0R5fcmx+Qh+9nEJwQ3c=,,,EE11,b8cGZYdN0JiU4K1MEDxJfMts0R5fcmx+Qh+9nEJwQ3c=,,,,, 0:104664056575019215sVU2g
31.07.2025 19:52:28,Test_dmr.pdf,стр.98, 0104664056575019215ZjK+g91EE1192ZxGaLnzxQUutEo0fGM6XiR2uvCSxpIWty3By9ik88oM=,,,EE11,ZxGaLnzxQUutEo0fGM6XiR2uvCSxpIWty3By9ik88oM=,,,,, 0:104664056575019215ZjK+g
31.07.2025 19:52:28,Test_dmr.pdf,стр.99, 0104664056575019215mrinq91EE1192rWnmMuo9dDiNcz5KXJJPIbC3JJrM8ZuudlOV+T9MddE=,,,EE11,rWnmMuo9dDiNcz5KXJJPIbC3JJrM8ZuudlOV+T9MddE=,,,,, 0:104664056575019215mrinq
31.07.2025 19:52:28,Test_dmr.pdf,стр.100, 0104664056575019215mODWJ91EE1192IflqeIoOGlcUVKV3UBezlAycVDaoLJ7VVEZpVTTXfpw=,,,EE11,IflqeIoOGlcUVKV3UBezlAycVDaoLJ7VVEZpVTTXfpw=,,,,, 0:104664056575019215mODWJ
31.07.2025 19:52:28,Test_dmr.pdf,стр.101, 0104664056575019215PWdJL91EE1192C0iyO0+miGzcB6A6g7xlQD8ZLnQ5nV4HquenC3KsJQA=,,,EE11,C0iyO0+miGzcB6A6g7xlQD8ZLnQ5nV4HquenC3KsJQA=,,,,, 0:104664056575019215PWdJL
31.07.2025 19:52:28,Test_dmr.pdf,стр.102," 0104664056575019215""M%bV91EE1192tU8GYYZwBuLXyosenp6UhiqOCLh3ELKH1iyZMhmV8+Y=",,,EE11,tU8GYYZwBuLXyosenp6UhiqOCLh3ELKH1iyZMhmV8+Y=,,,,," 0:104664056575019215""M%bV"
31.07.2025 19:52:28,Test_dmr.pdf,стр.103, 0104664056575019215oGy9<91EE1192yvty917M4HP7AYaoV33Ougd0Dh/atPVzvJ9s0ovrgh4=,,,EE11,yvty917M4HP7AYaoV33Ougd0Dh/atPVzvJ9s0ovrgh4=,,,,, 0:104664056575019215oGy9<
31.07.2025 19:52:28,Test_dmr.pdf,стр.104, 0104664056575019215q_b?_91EE1192meIPhbg5XPTWYiLh3HZWzn9yrjujpi+K59+VtG/Lh5E=,,,EE11,meIPhbg5XPTWYiLh3HZWzn9yrjujpi+K59+VtG/Lh5E=,,,,, 0:104664056575019215q_b?_
31.07.2025 19:52:28,Test_dmr.pdf,стр.105, 0104664056575019215oW9EQ91EE1192KuaF+xGLc+VXI2sNAKvkDQAqXjeJJOsvm5C0Md9VRgY=,,,EE11,KuaF+xGLc+VXI2sNAKvkDQAqXjeJJOsvm5C0Md9VRgY=,,,,, 0:104664056575019215oW9EQ
31.07.2025 19:52:28,Test_dmr.pdf,стр.106, 01046640565750192159qIVS91EE11921QIIJEFWdn5EcieH40QtbG+l2KWwvH8egR7SYGOFcuY=,,,EE11,1QIIJEFWdn5EcieH40QtbG+l2KWwvH8egR7SYGOFcuY=,,,,, 0:1046640565750192159qIVS
31.07.2025 19:52:28,Test_dmr.pdf,стр.107, 0104664056575019215rirt991EE1192lRIYmjOzYgvSzM6pvu8jghZfrjNdBHm2W37dEt/1/l0=,,,EE11,lRIYmjOzYgvSzM6pvu8jghZfrjNdBHm2W37dEt/1/l0=,,,,, 0:104664056575019215rirt9
31.07.2025 19:52:28,Test_dmr.pdf,стр.108, 01046640565750192156nGPc91EE1192rOsOCOM1C7BsjSJYhZXd4Z1+emh+v9rp12TrpYnIoX8=,,,EE11,rOsOCOM1C7BsjSJYhZXd4Z1+emh+v9rp12TrpYnIoX8=,,,,, 0:1046640565750192156nGPc
31.07.2025 19:52:28,Test_dmr.pdf,стр.109, 0104664056575019215g-7<e91EE1192DSJ0/1hoSk3VdV+hXLoqWhmahc/w6v5KHbwTInREKcc=,,,EE11,DSJ0/1hoSk3VdV+hXLoqWhmahc/w6v5KHbwTInREKcc=,,,,, 0:104664056575019215g-7<e
31.07.2025 19:52:28,Test_dmr.pdf,стр.110, 0104664056575019215QWoDr91EE1192yEWcmNWVuzI4ZamZlFbOt0/RkHWU98BiH/7iSccSXU0=,,,EE11,yEWcmNWVuzI4ZamZlFbOt0/RkHWU98BiH/7iSccSXU0=,,,,, 0:104664056575019215QWoDr
31.07.2025 19:52:28,Test_dmr.pdf,стр.111, 0104664056575019215hPNyq91EE1192+Om02V71+8mv2hspatnp495Twm16qFMsLhv/VFBxHVg=,,,EE11,+Om02V71+8mv2hspatnp495Twm16qFMsLhv/VFBxHVg=,,,,, 0:104664056575019215hPNyq
31.07.2025 19:52:28,Test_dmr.pdf,стр.112, 0104664056575019215elgTH91EE1192l6T1YYvxCR1P5/zJATpa8tJy1Xyb313HXLbI0srmORk=,,,EE11,l6T1YYvxCR1P5/zJATpa8tJy1Xyb313HXLbI0srmORk=,,,,, 0:104664056575019215elgTH
31.07.2025 19:52:28,Test_dmr.pdf,стр.113, 0104664056575019215z9eL091EE1192X/E9DhcMv0e1bvW9zfIixzL0FDHXT/AiXwZS3CFhjQI=,,,EE11,X/E9DhcMv0e1bvW9zfIixzL0FDHXT/AiXwZS3CFhjQI=,,,,, 0:104664056575019215z9eL0
31.07.2025 19:52:28,Test_dmr.pdf,стр.114, 0104664056575019215Bxc-l91EE11923sK9bdrb2dtLqXoKh5dN9Kes/IspFfOgq+aEtVJEvg4=,,,EE11,3sK9bdrb2dtLqXoKh5dN9Kes/IspFfOgq+aEtVJEvg4=,,,,, 0:104664056575019215Bxc-l
31.07.2025 19:52:28,Test_dmr.pdf,стр.115, 0104664056575019215)fDZo91EE1192qL5Da6Bn6fDf1WVuOkZ+xPpNGO1iftgUfYvmaEKNrRI=,,,EE11,qL5Da6Bn6fDf1WVuOkZ+xPpNGO1iftgUfYvmaEKNrRI=,,,,, 0:104664056575019215)fDZo
31.07.2025 19:52:28,Test_dmr.pdf,стр.116, 0104664056575019215Ojecv91EE1192hKBbblqUILQfiBPye69PCOIY9j5tjQNwMyQEY9Qxrrc=,,,EE11,hKBbblqUILQfiBPye69PCOIY9j5tjQNwMyQEY9Qxrrc=,,,,, 0:104664056575019215Ojecv
31.07.2025 19:52:28,Test_dmr.pdf,стр.117, 0104664056575019215i8TEu91EE1192iIYBFnhgrT0wK76U21JTuvyjuxxvDQBK0Jvj9kFE2kk=,,,EE11,iIYBFnhgrT0wK76U21JTuvyjuxxvDQBK0Jvj9kFE2kk=,,,,, 0:104664056575019215i8TEu
31.07.2025 19:52:28,Test_dmr.pdf,стр.118, 0104664056575019215x='B;91EE1192gRH57nOjYM7TQBism4EySDGUig9c37Az7dRfRQZaRHw=,,,EE11,gRH57nOjYM7TQBism4EySDGUig9c37Az7dRfRQZaRHw=,,,,, 0:104664056575019215x='B;
31.07.2025 19:52:28,Test_dmr.pdf,стр.119, 0104664056575019215udApT91EE1192Pelvf/RYMxUiTVPb6Sk2F7dYBWMVhiyBsWGVRY/R12w=,,,EE11,Pelvf/RYMxUiTVPb6Sk2F7dYBWMVhiyBsWGVRY/R12w=,,,,, 0:104664056575019215udApT
31.07.2025 19:52:28,Test_dmr.pdf,стр.120, 0104664056575019215:i.F.91EE1192NUeFJZVOnyfrSpg4WWV6r7Y87Aq6hkRiEiiX62QzfyQ=,,,EE11,NUeFJZVOnyfrSpg4WWV6r7Y87Aq6hkRiEiiX62QzfyQ=,,,,, 0:104664056575019215:i.F.
31.07.2025 19:52:28,Test_dmr.pdf,стр.121, 0104664056575019215HdxTy91EE1192ui/HdRNOkoTGFrQ0D8GVQMsBOJvOkPiNU913PPXtO+Y=,,,EE11,ui/HdRNOkoTGFrQ0D8GVQMsBOJvOkPiNU913PPXtO+Y=,,,,, 0:104664056575019215HdxTy
31.07.2025 19:52:28,Test_dmr.pdf,стр.122, 0104664056575019215lYTUK91EE1192apN1ZahWpgv3D7PwKwiSDJdFXC5l3iGTSApuNTE0hN4=,,,EE11,apN1ZahWpgv3D7PwKwiSDJdFXC5l3iGTSApuNTE0hN4=,,,,, 0:104664056575019215lYTUK
31.07.2025 19:52:28,Test_dmr.pdf,стр.123, 0104664056575019215Od4LU91EE1192c6uVUp8X33tIeJgtMXpp0a3PcNzNLxAOScjCGVhoir0=,,,EE11,c6uVUp8X33tIeJgtMXpp0a3PcNzNLxAOScjCGVhoir0=,,,,, 0:104664056575019215Od4LU
31.07.2025 19:52:28,Test_dmr.pdf,стр.124, 0104664056575019215C6GPj91EE11929llIqFEHGaFfHdQ7bpOjwUL/0eJX9yZxTGzcMP94ya4=,,,EE11,9llIqFEHGaFfHdQ7bpOjwUL/0eJX9yZxTGzcMP94ya4=,,,,, 0:104664056575019215C6GPj
31.07.2025 19:52:28,Test_dmr.pdf,стр.125, 0104664056575019215uSHst91EE1192OTbH827UhlC6DpP1mTLNT802pYIpvou93fKNpKvCmY0=,,,EE11,OTbH827UhlC6DpP1mTLNT802pYIpvou93fKNpKvCmY0=,,,,, 0:104664056575019215uSHst
31.07.2025 19:52:28,Test_dmr.pdf,стр.126, 0104664056575019215yMi+W91EE119256m8Z5Lj6H1AlgdTiJdg/Ynqf2kGDXgBn0pfK3pnMe4=,,,EE11,56m8Z5Lj6H1AlgdTiJdg/Ynqf2kGDXgBn0pfK3pnMe4=,,,,, 0:104664056575019215yMi+W
31.07.2025 19:52:28,Test_dmr.pdf,стр.127, 0104664056575019215YRY0c91EE1192D2lhAmOtStFsbWergOcTZZopDlp3p0TZDJNdp+5+pls=,,,EE11,D2lhAmOtStFsbWergOcTZZopDlp3p0TZDJNdp+5+pls=,,,,, 0:104664056575019215YRY0c
31.07.2025 19:52:28,Test_dmr.pdf,стр.128, 0104664056575019215YV_bm91EE1192QxuPOtz6VS1bpm8BVhkFmcJyclFxuT6WCTrY0G+fNV4=,,,EE11,QxuPOtz6VS1bpm8BVhkFmcJyclFxuT6WCTrY0G+fNV4=,,,,, 0:104664056575019215YV_bm
31.07.2025 19:52:28,Test_dmr.pdf,стр.129, 0104664056575019215PTTtB91EE1192TBRzQuZPkTkIUPZPzmXT49jnOrpSrjpLURlA2+GW5wQ=,,,EE11,TBRzQuZPkTkIUPZPzmXT49jnOrpSrjpLURlA2+GW5wQ=,,,,, 0:104664056575019215PTTtB
31.07.2025 19:52:28,Test_dmr.pdf,стр.130, 0104664056575019215PFB'491EE1192uc2dc+ygkkPPHQXPn5IacZtySy4w+RgeNGkS1I6T9Hg=,,,EE11,uc2dc+ygkkPPHQXPn5IacZtySy4w+RgeNGkS1I6T9Hg=,,,,, 0:104664056575019215PFB'4
31.07.2025 19:52:28,Test_dmr.pdf,стр.131, 0104664056575019215MVKsF91EE1192eMwAl0ezjsaqTcAStXjG/bsz5FJ4TOqZEIKT9+Qimcw=,,,EE11,eMwAl0ezjsaqTcAStXjG/bsz5FJ4TOqZEIKT9+Qimcw=,,,,, 0:104664056575019215MVKsF
31.07.2025 19:52:28,Test_dmr.pdf,стр.132, 0104664056575019215dJf*(91EE11922sC/3SdIbt+qudJXYetinarI6zDvwA+bvQckDY6s8u8=,,,EE11,2sC/3SdIbt+qudJXYetinarI6zDvwA+bvQckDY6s8u8=,,,,, 0:104664056575019215dJf*(
31.07.2025 19:52:28,Test_dmr.pdf,стр.133, 0104664056575019215Pd!Jc91EE11922dduDPOM4V8+q72ctjQGPzxklVbVf9b7XNWwdQXq0AM=,,,EE11,2dduDPOM4V8+q72ctjQGPzxklVbVf9b7XNWwdQXq0AM=,,,,, 0:104664056575019215Pd!Jc
31.07.2025 19:52:28,Test_dmr.pdf,стр.134, 0104664056575019215csifV91EE1192tSAOe8Py9HaacNSI8HQ7gBFtA7+jZ91vh05omy6PifQ=,,,EE11,tSAOe8Py9HaacNSI8HQ7gBFtA7+jZ91vh05omy6PifQ=,,,,, 0:104664056575019215csifV
31.07.2025 19:52:28,Test_dmr.pdf,стр.135, 0104664056575019215CdMTY91EE1192wyHebBSd3N8+ttupH4nQl60TC33PqtqqJ4dhFkRYUiw=,,,EE11,wyHebBSd3N8+ttupH4nQl60TC33PqtqqJ4dhFkRYUiw=,,,,, 0:104664056575019215CdMTY
31.07.2025 19:52:28,Test_dmr.pdf,стр.136, 0104664056575019215pRG-u91EE1192wVyvmXxRiXu1K8A/pCliiICH2mk5h5mc3bOeCY4VUYA=,,,EE11,wVyvmXxRiXu1K8A/pCliiICH2mk5h5mc3bOeCY4VUYA=,,,,, 0:104664056575019215pRG-u
31.07.2025 19:52:28,Test_dmr.pdf,стр.137, 0104664056575019215H7jVd91EE11921YI6B0rntdwCw/rvnY936qq/uRqXUHCPk3ZuWDqe5Dc=,,,EE11,1YI6B0rntdwCw/rvnY936qq/uRqXUHCPk3ZuWDqe5Dc=,,,,, 0:104664056575019215H7jVd
31.07.2025 19:52:28,Test_dmr.pdf,стр.138, 0104664056575019215Ho&dt91EE1192XaC8ESUDtk82GCGehFuy8cE8siRvbacCFCYzK82ytJk=,,,EE11,XaC8ESUDtk82GCGehFuy8cE8siRvbacCFCYzK82ytJk=,,,,, 0:104664056575019215Ho&dt
31.07.2025 19:52:28,Test_dmr.pdf,стр.139, 0104664056575019215qUf?T91EE1192mPBEg05psoyPL/c5Y6GQOZLu+hj9qUoqNG5EKAuNBDU=,,,EE11,mPBEg05psoyPL/c5Y6GQOZLu+hj9qUoqNG5EKAuNBDU=,,,,, 0:104664056575019215qUf?T
31.07.2025 19:52:28,Test_dmr.pdf,стр.140, 0104664056575019215=h(FM91EE1192nCcrqn1RfWtaxvPjk4TA4Fp1uMqjhB1cuWgKMAEnkWY=,,,EE11,nCcrqn1RfWtaxvPjk4TA4Fp1uMqjhB1cuWgKMAEnkWY=,,,,, 0:104664056575019215=h(FM
31.07.2025 19:52:28,Test_dmr.pdf,стр.141, 0104664056575019215WdoHY91EE1192bPCTMX9rzMbwX9GK08JIkiBkNnCN/+PchwMRGbLAWPE=,,,EE11,bPCTMX9rzMbwX9GK08JIkiBkNnCN/+PchwMRGbLAWPE=,,,,, 0:104664056575019215WdoHY
31.07.2025 19:52:28,Test_dmr.pdf,стр.142, 0104664056575019215atghR91EE1192ZtbWF8TRh+jd/J0sK5XCs2v38cdNfnIwK3MKyNHCa68=,,,EE11,ZtbWF8TRh+jd/J0sK5XCs2v38cdNfnIwK3MKyNHCa68=,,,,, 0:104664056575019215atghR
31.07.2025 19:52:28,Test_dmr.pdf,стр.143, 0104664056575019215xx=Is91EE1192bBXBJQRdBG+zKqPz+azoOB3TKoZgIQ4lVXvas1PpBpg=,,,EE11,bBXBJQRdBG+zKqPz+azoOB3TKoZgIQ4lVXvas1PpBpg=,,,,, 0:104664056575019215xx=Is
31.07.2025 19:52:28,Test_dmr.pdf,стр.144, 0104664056575019215BG'*N91EE1192EbMTSJIfXtN5tJb1vQKHJSpUjt8t0CMfs6IigByIgfU=,,,EE11,EbMTSJIfXtN5tJb1vQKHJSpUjt8t0CMfs6IigByIgfU=,,,,, 0:104664056575019215BG'*N
31.07.2025 19:52:28,Test_dmr.pdf,стр.145, 0104664056575019215nb7zp91EE1192rnnlFrEPfyPbAlLDVtC/TtUAf0+ePaE5BJX/gkFGaJs=,,,EE11,rnnlFrEPfyPbAlLDVtC/TtUAf0+ePaE5BJX/gkFGaJs=,,,,, 0:104664056575019215nb7zp
31.07.2025 19:52:28,Test_dmr.pdf,стр.146, 0104664056575019215q!7S_91EE1192DNAYKiXk58/QRkUg441F3LbzLFveR/w24joeYB+C9Mg=,,,EE11,DNAYKiXk58/QRkUg441F3LbzLFveR/w24joeYB+C9Mg=,,,,, 0:104664056575019215q!7S_
31.07.2025 19:52:28,Test_dmr.pdf,стр.147, 0104664056575019215pFy?Q91EE11927otDqlv+qa/ucj9qxEtcMXaRC9kYaNkLZgo7nhdo68w=,,,EE11,7otDqlv+qa/ucj9qxEtcMXaRC9kYaNkLZgo7nhdo68w=,,,,, 0:104664056575019215pFy?Q
31.07.2025 19:52:28,Test_dmr.pdf,стр.148, 01046640565750192150WBnk91EE1192VcWngPVBaekSbOhlVBSPJesIDQ02wlzs9K3yfN4HTo4=,,,EE11,VcWngPVBaekSbOhlVBSPJesIDQ02wlzs9K3yfN4HTo4=,,,,, 0:1046640565750192150WBnk
31.07.2025 19:52:28,Test_dmr.pdf,стр.149, 0104664056575019215BuSNn91EE1192D346EC7LlwNPythBVrHWDT2c3Ezz5Y8IzWgLzNQ7zFE=,,,EE11,D346EC7LlwNPythBVrHWDT2c3Ezz5Y8IzWgLzNQ7zFE=,,,,, 0:104664056575019215BuSNn
31.07.2025 19:52:28,Test_dmr.pdf,стр.150, 0104664056575019215Ijs3F91EE11920SPLqkS+4ojvz9Ww7w+J33vtXUAaLnQMObimjLByKZc=,,,EE11,0SPLqkS+4ojvz9Ww7w+J33vtXUAaLnQMObimjLByKZc=,,,,, 0:104664056575019215Ijs3F
31.07.2025 19:52:28,Test_dmr.pdf,стр.151, 0104664056575019215QNFPY91EE1192zxjjQ0wsNnd4DDUwtWxWWt2oamAofGC620meE2/8f88=,,,EE11,zxjjQ0wsNnd4DDUwtWxWWt2oamAofGC620meE2/8f88=,,,,, 0:104664056575019215QNFPY
31.07.2025 19:52:28,Test_dmr.pdf,стр.152, 0104664056575019215'6I)391EE1192q1w/0D+U/SYkcAINN6rrcoDHFgvjSJAaDfoa5UjZoa4=,,,EE11,q1w/0D+U/SYkcAINN6rrcoDHFgvjSJAaDfoa5UjZoa4=,,,,, 0:104664056575019215'6I)3
31.07.2025 19:52:28,Test_dmr.pdf,стр.153," 0104664056575019215&14d,91EE1192ImemL8ckyRtaca99+kYmBqR/JWsx/Ne54J0QIwE1nak=",,,EE11,ImemL8ckyRtaca99+kYmBqR/JWsx/Ne54J0QIwE1nak=,,,,," 0:104664056575019215&14d,"
31.07.2025 19:52:28,Test_dmr.pdf,стр.154, 0104664056575019215PIhic91EE1192VwYD7H5Q7w9m/GOQKp4oVChJEpUGxXEMvodSz+A+A3w=,,,EE11,VwYD7H5Q7w9m/GOQKp4oVChJEpUGxXEMvodSz+A+A3w=,,,,, 0:104664056575019215PIhic
31.07.2025 19:52:28,Test_dmr.pdf,стр.155, 0104664056575019215c(nrp91EE1192dQes9zT5e2l//xNvjmcCHVLDTEyu47dXujdEY1IBeNg=,,,EE11,dQes9zT5e2l//xNvjmcCHVLDTEyu47dXujdEY1IBeNg=,,,,, 0:104664056575019215c(nrp
31.07.2025 19:52:28,Test_dmr.pdf,стр.156, 0104664056575019215KU/ZG91EE1192lZrQ864TEwO5qwPWi5SCHnZ5AGbagYTCNgj5t6cr0s4=,,,EE11,lZrQ864TEwO5qwPWi5SCHnZ5AGbagYTCNgj5t6cr0s4=,,,,, 0:104664056575019215KU/ZG
31.07.2025 19:52:28,Test_dmr.pdf,стр.157, 0104664056575019215YFMml91EE1192LnAhvMgzXgbUR602betKQi5TxEcOo95EWJnAzZQaz7w=,,,EE11,LnAhvMgzXgbUR602betKQi5TxEcOo95EWJnAzZQaz7w=,,,,, 0:104664056575019215YFMml
31.07.2025 19:52:28,Test_dmr.pdf,стр.158," 0104664056575019215L,I7B91EE1192Q8gesVprmIhj6FnelpLo92vvJa3rI2f9xkkC8gfz4HY=",,,EE11,Q8gesVprmIhj6FnelpLo92vvJa3rI2f9xkkC8gfz4HY=,,,,," 0:104664056575019215L,I7B"
31.07.2025 19:52:28,Test_dmr.pdf,стр.159, 0104664056575019215usCaH91EE1192TukL9x2Hw/h3uK0Sq1r0WyDl9SCDQP5dq3RaR8JCO+U=,,,EE11,TukL9x2Hw/h3uK0Sq1r0WyDl9SCDQP5dq3RaR8JCO+U=,,,,, 0:104664056575019215usCaH
31.07.2025 19:52:28,Test_dmr.pdf,стр.160, 01046640565750192153l&=v91EE1192b8Hx36T604AvVWt3now+qawvzm1vHMQVINcfHpTLAW8=,,,EE11,b8Hx36T604AvVWt3now+qawvzm1vHMQVINcfHpTLAW8=,,,,, 0:1046640565750192153l&=v
31.07.2025 19:52:28,Test_dmr.pdf,стр.161, 01046640565750192158aIvQ91EE1192YZV1ZnNndpljNGJfzKROzU3MZljQYpGG3wZMpcApVpQ=,,,EE11,YZV1ZnNndpljNGJfzKROzU3MZljQYpGG3wZMpcApVpQ=,,,,, 0:1046640565750192158aIvQ
31.07.2025 19:52:28,Test_dmr.pdf,стр.162, 0104664056575019215TOada91EE1192lqwfk27bEzztATWhgiNAHG6CAtD7EyQBeWuGX11fBHk=,,,EE11,lqwfk27bEzztATWhgiNAHG6CAtD7EyQBeWuGX11fBHk=,,,,, 0:104664056575019215TOada
31.07.2025 19:52:28,Test_dmr.pdf,стр.163, 0104664056575019215mMR<P91EE11925b6jJjBe7+H8UtrPvE7HkeYLRhP7vB+exV6ADbp0P6k=,,,EE11,5b6jJjBe7+H8UtrPvE7HkeYLRhP7vB+exV6ADbp0P6k=,,,,, 0:104664056575019215mMR<P
31.07.2025 19:52:28,Test_dmr.pdf,стр.164, 0104664056575019215rf3A*91EE1192scj1g1qoTyeX/OiUho+2dLIt0UOEG/0qbD0nYxu0Wcs=,,,EE11,scj1g1qoTyeX/OiUho+2dLIt0UOEG/0qbD0nYxu0Wcs=,,,,, 0:104664056575019215rf3A*
31.07.2025 19:52:28,Test_dmr.pdf,стр.165, 0104664056575019215tasOD91EE1192bljttWsJTf3NJopDtS3A/PolYx7LhIfBr24qaK5+X8Q=,,,EE11,bljttWsJTf3NJopDtS3A/PolYx7LhIfBr24qaK5+X8Q=,,,,, 0:104664056575019215tasOD
31.07.2025 19:52:28,Test_dmr.pdf,стр.166, 0104664056575019215/aKgX91EE1192up6oSTjmWTfx1UBg1uempFwlE73CtU0/ptdygAA/YQE=,,,EE11,up6oSTjmWTfx1UBg1uempFwlE73CtU0/ptdygAA/YQE=,,,,, 0:104664056575019215/aKgX
31.07.2025 19:52:28,Test_dmr.pdf,стр.167, 0104664056575019215nNIXB91EE1192/myphq0s9DC/BqRM1u4KrB4Rs76BGaj9qaYYEh2bUk8=,,,EE11,/myphq0s9DC/BqRM1u4KrB4Rs76BGaj9qaYYEh2bUk8=,,,,, 0:104664056575019215nNIXB
31.07.2025 19:52:28,Test_dmr.pdf,стр.168, 0104664056575019215Y3Qc=91EE11929Vo7LRoORVPJU9gKxnWgIfRHQ45QRXMJK04nGrmDQJg=,,,EE11,9Vo7LRoORVPJU9gKxnWgIfRHQ45QRXMJK04nGrmDQJg=,,,,, 0:104664056575019215Y3Qc=
31.07.2025 19:52:28,Test_dmr.pdf,стр.169, 0104664056575019215Ngi/E91EE11927cUTpyo238Xj7WCNmU1ppcuh7SAx45wV0W/OCDU5HWI=,,,EE11,7cUTpyo238Xj7WCNmU1ppcuh7SAx45wV0W/OCDU5HWI=,,,,, 0:104664056575019215Ngi/E
31.07.2025 19:52:28,Test_dmr.pdf,стр.170, 0104664056575019215J)/yU91EE1192/64Imo+d3V2ajmOQTWxkAFKiaif7spISTeNY9wDjDPc=,,,EE11,/64Imo+d3V2ajmOQTWxkAFKiaif7spISTeNY9wDjDPc=,,,,, 0:104664056575019215J)/yU
31.07.2025 19:52:28,Test_dmr.pdf,стр.171, 0104664056575019215DQO7v91EE119285RmKgue3XhtxQTimlV6CZs0f/dFaAk2tHRY3ydJf1A=,,,EE11,85RmKgue3XhtxQTimlV6CZs0f/dFaAk2tHRY3ydJf1A=,,,,, 0:104664056575019215DQO7v
31.07.2025 19:52:28,Test_dmr.pdf,стр.172, 0104664056575019215v!XlV91EE1192YoEYv0AxlPMbYlq0BhXzeCeXbvUXAVhQCEL6AjST5E4=,,,EE11,YoEYv0AxlPMbYlq0BhXzeCeXbvUXAVhQCEL6AjST5E4=,,,,, 0:104664056575019215v!XlV
31.07.2025 19:52:28,Test_dmr.pdf,стр.173, 0104664056575019215>XC/:91EE1192KcAoWqzTjxB5Tb/ZqmUTmEZwNLN3X98xvdIGW3xhezE=,,,EE11,KcAoWqzTjxB5Tb/ZqmUTmEZwNLN3X98xvdIGW3xhezE=,,,,, 0:104664056575019215>XC/:
31.07.2025 19:52:28,Test_dmr.pdf,стр.174, 0104664056575019215WrNMn91EE1192a6v/hju6Fp2uJbNcyTNszMfXfzFAWq8E2u3tumy/N/c=,,,EE11,a6v/hju6Fp2uJbNcyTNszMfXfzFAWq8E2u3tumy/N/c=,,,,, 0:104664056575019215WrNMn
31.07.2025 19:52:28,Test_dmr.pdf,стр.175, 0104664056575019215sUunK91EE1192dnK0gKFpYDwX+lElUYe/8OnpCr87YqAZCKSn0fvif/U=,,,EE11,dnK0gKFpYDwX+lElUYe/8OnpCr87YqAZCKSn0fvif/U=,,,,, 0:104664056575019215sUunK
31.07.2025 19:52:28,Test_dmr.pdf,стр.176, 0104664056575019215IqCRj91EE1192RYhe8yVFIcdonm4+1hR6U9O7FVQTEYbwEyGtWNGiXmI=,,,EE11,RYhe8yVFIcdonm4+1hR6U9O7FVQTEYbwEyGtWNGiXmI=,,,,, 0:104664056575019215IqCRj
31.07.2025 19:52:28,Test_dmr.pdf,стр.177, 0104664056575019215=?nMr91EE1192bHCHtYmv8Rz40lekXybomjqXQo+bvBIrIA2wii5os0s=,,,EE11,bHCHtYmv8Rz40lekXybomjqXQo+bvBIrIA2wii5os0s=,,,,, 0:104664056575019215=?nMr
31.07.2025 19:52:28,Test_dmr.pdf,стр.178, 0104664056575019215beWeD91EE1192tyjOpkm3d0Kqleb8HM9DmE7HjAM3844R+al6CLSnyaw=,,,EE11,tyjOpkm3d0Kqleb8HM9DmE7HjAM3844R+al6CLSnyaw=,,,,, 0:104664056575019215beWeD
31.07.2025 19:52:28,Test_dmr.pdf,стр.179, 0104664056575019215vOZCa91EE1192HJG3hmGWvwFftGHRbYYRUzNqM71SP04t5kkyynG0iPM=,,,EE11,HJG3hmGWvwFftGHRbYYRUzNqM71SP04t5kkyynG0iPM=,,,,, 0:104664056575019215vOZCa
31.07.2025 19:52:28,Test_dmr.pdf,стр.180, 0104664056575019215J)Bpc91EE1192j8zVffQPAd0lOOElIXHmDa4uzIafYj1KjbmjvSp+1Ys=,,,EE11,j8zVffQPAd0lOOElIXHmDa4uzIafYj1KjbmjvSp+1Ys=,,,,, 0:104664056575019215J)Bpc
31.07.2025 19:52:28,Test_dmr.pdf,стр.181, 0104664056575019215ar'QY91EE1192qa+qpLXVwmVqrXFJPlqBDPwOKfG7yPrLEkxGa0rbXgk=,,,EE11,qa+qpLXVwmVqrXFJPlqBDPwOKfG7yPrLEkxGa0rbXgk=,,,,, 0:104664056575019215ar'QY
31.07.2025 19:52:28,Test_dmr.pdf,стр.182, 0104664056575019215QeCQN91EE1192rW1g1gtueW3QFK2OS9fKGptwhA8jzgRkwI5LlCs62o0=,,,EE11,rW1g1gtueW3QFK2OS9fKGptwhA8jzgRkwI5LlCs62o0=,,,,, 0:104664056575019215QeCQN
31.07.2025 19:52:28,Test_dmr.pdf,стр.183, 0104664056575019215XMUA991EE1192P+ULERs402SvqIBHb2D8LJRBpe+H1rwkHUW4k4X0E5w=,,,EE11,P+ULERs402SvqIBHb2D8LJRBpe+H1rwkHUW4k4X0E5w=,,,,, 0:104664056575019215XMUA9
31.07.2025 19:52:28,Test_dmr.pdf,стр.184, 0104664056575019215lNqWG91EE1192xlF9fHR8Wxxz7N9SWvfTwQpxIXSLS8BmBQllLjjnUrU=,,,EE11,xlF9fHR8Wxxz7N9SWvfTwQpxIXSLS8BmBQllLjjnUrU=,,,,, 0:104664056575019215lNqWG
31.07.2025 19:52:28,Test_dmr.pdf,стр.185, 0104664056575019215;ucYI91EE1192CYm4yPfeiAtZa05J3pFEIQvq18a9PkncJMrzzgD7RJY=,,,EE11,CYm4yPfeiAtZa05J3pFEIQvq18a9PkncJMrzzgD7RJY=,,,,, 0:104664056575019215;ucYI
31.07.2025 19:52:28,Test_dmr.pdf,стр.186, 01046640565750192151TmvH91EE1192CoyiBJmVMA7p2V/sEG2QnZHzIfXDuDHQ7xZJbckvHko=,,,EE11,CoyiBJmVMA7p2V/sEG2QnZHzIfXDuDHQ7xZJbckvHko=,,,,, 0:1046640565750192151TmvH
31.07.2025 19:52:28,Test_dmr.pdf,стр.187, 0104664056575019215T_Q9=91EE119216O81buOt0Gsq4dia2EulfdrrzGe+VwFu890afiVgd8=,,,EE11,16O81buOt0Gsq4dia2EulfdrrzGe+VwFu890afiVgd8=,,,,, 0:104664056575019215T_Q9=
31.07.2025 19:52:28,Test_dmr.pdf,стр.188, 0104664056575019215oNg?<91EE1192XK8vOP29UiStgQcUtqrctfpVDhZ6fC+Rj5qWeMP0ubA=,,,EE11,XK8vOP29UiStgQcUtqrctfpVDhZ6fC+Rj5qWeMP0ubA=,,,,, 0:104664056575019215oNg?<
31.07.2025 19:52:28,Test_dmr.pdf,стр.189, 0104664056575019215%NPeF91EE1192zuPLTY+K6A4qfPjwzSuJsLU4QOGUHGXHnDJ7Izgs6Hw=,,,EE11,zuPLTY+K6A4qfPjwzSuJsLU4QOGUHGXHnDJ7Izgs6Hw=,,,,, 0:104664056575019215%NPeF
31.07.2025 19:52:28,Test_dmr.pdf,стр.190, 0104664056575019215YlSXT91EE1192ygLAsWj551oHkFoHcERhjGjQluZoUdIhx+I0atZiZ7Q=,,,EE11,ygLAsWj551oHkFoHcERhjGjQluZoUdIhx+I0atZiZ7Q=,,,,, 0:104664056575019215YlSXT
31.07.2025 19:52:28,Test_dmr.pdf,стр.191, 0104664056575019215mBtc?91EE1192/pQiBm+X49R2wz8R8yhw1Ojl7bMbAXuTi5a5GwOPq00=,,,EE11,/pQiBm+X49R2wz8R8yhw1Ojl7bMbAXuTi5a5GwOPq00=,,,,, 0:104664056575019215mBtc?
31.07.2025 19:52:28,Test_dmr.pdf,стр.192, 0104664056575019215bRXVZ91EE1192ho6orzC6l/fx+GYbGZccj4wWJjenlONcMZh8QxxxuHY=,,,EE11,ho6orzC6l/fx+GYbGZccj4wWJjenlONcMZh8QxxxuHY=,,,,, 0:104664056575019215bRXVZ
31.07.2025 19:52:28,Test_dmr.pdf,стр.193, 0104664056575019215!LVRh91EE1192FTSyrB9uWUNLZnEXPzi39ddIWoaBw1Px0imiIuJRbsU=,,,EE11,FTSyrB9uWUNLZnEXPzi39ddIWoaBw1Px0imiIuJRbsU=,,,,, 0:104664056575019215!LVRh
31.07.2025 19:52:28,Test_dmr.pdf,стр.194, 0104664056575019215sd8dt91EE11928PRkbE/k5zZOjGt/LEJs6mZXshFXv8SpkGB+kjQDOB4=,,,EE11,8PRkbE/k5zZOjGt/LEJs6mZXshFXv8SpkGB+kjQDOB4=,,,,, 0:104664056575019215sd8dt
31.07.2025 19:52:28,Test_dmr.pdf,стр.195," 0104664056575019215U,p)791EE1192wUFTUTJtLut/DZAQHIukW/C5TrATSy9ObCGyGpUzs70=",,,EE11,wUFTUTJtLut/DZAQHIukW/C5TrATSy9ObCGyGpUzs70=,,,,," 0:104664056575019215U,p)7"
31.07.2025 19:52:28,Test_dmr.pdf,стр.196, 0104664056575019215fV6c'91EE11921Wja+DBJdfMR8IgkMmIjAVS6/zcTYFl7mXZOufFvLU0=,,,EE11,1Wja+DBJdfMR8IgkMmIjAVS6/zcTYFl7mXZOufFvLU0=,,,,, 0:104664056575019215fV6c'
31.07.2025 19:52:28,Test_dmr.pdf,стр.197, 0104664056575019215pQZzH91EE1192uQuhbtICzLkX8BhezFQIl6oikluB/VCXJ4I2u446dbQ=,,,EE11,uQuhbtICzLkX8BhezFQIl6oikluB/VCXJ4I2u446dbQ=,,,,, 0:104664056575019215pQZzH
31.07.2025 19:52:28,Test_dmr.pdf,стр.198, 0104664056575019215fGZq/91EE1192JZ0S1uEFX2YByp8Qvtbx1wAkRplaC3icpM3rrarpUdo=,,,EE11,JZ0S1uEFX2YByp8Qvtbx1wAkRplaC3icpM3rrarpUdo=,,,,, 0:104664056575019215fGZq/
31.07.2025 19:52:28,Test_dmr.pdf,стр.199, 0104664056575019215(fnXY91EE1192Ba16xskK9w83bofmnIX0AMwTu7yGEQQzFBuSLBxTbBQ=,,,EE11,Ba16xskK9w83bofmnIX0AMwTu7yGEQQzFBuSLBxTbBQ=,,,,, 0:104664056575019215(fnXY
31.07.2025 19:52:28,Test_dmr.pdf,стр.200, 0104664056575019215SIWkV91EE1192UsYKXkeX1PECS9myszoTbuSQb+GuGVdJu/u521Ts6rc=,,,EE11,UsYKXkeX1PECS9myszoTbuSQb+GuGVdJu/u521Ts6rc=,,,,, 0:104664056575019215SIWkV
